<?xml version="1.0" encoding="UTF-8"?>
<project-private xmlns="http://www.netbeans.org/ns/project-private/1">
    <editor-bookmarks xmlns="http://www.netbeans.org/ns/editor-bookmarks/2" lastBookmarkId="0"/>
    <open-files xmlns="http://www.netbeans.org/ns/projectui-open-files/2">
        <group>
            <file>file:/E:/My%20work/GitHub/ChurchProject/Church/web/WEB-INF/jsp/include/thirdparty.jsp</file>
            <file>file:/E:/My%20work/GitHub/ChurchProject/Church/src/java/com/church/controller/HelpController.java</file>
            <file>file:/E:/My%20work/GitHub/ChurchProject/Church/web/WEB-INF/jsp/include/footerscript.jsp</file>
            <file>file:/E:/My%20work/GitHub/ChurchProject/Church/web/js/script.js</file>
            <file>file:/E:/My%20work/GitHub/ChurchProject/Church/web/WEB-INF/jsp/index.jsp</file>
            <file>file:/E:/My%20work/GitHub/ChurchProject/Church/nbproject/build-impl.xml</file>
            <file>file:/E:/My%20work/GitHub/ChurchProject/Church/web/WEB-INF/dispatcher-servlet.xml</file>
            <file>file:/E:/My%20work/GitHub/ChurchProject/Church/src/java/com/church/bean/Contact.java</file>
            <file>file:/E:/My%20work/GitHub/ChurchProject/Church/web/css/style.css</file>
            <file>file:/E:/My%20work/GitHub/ChurchProject/Church/src/java/com/church/dao/ContactDao.java</file>
            <file>file:/E:/My%20work/GitHub/ChurchProject/Church/web/WEB-INF/jsp/help.jsp</file>
            <file>file:/E:/My%20work/GitHub/ChurchProject/Church/web/js/cufon-yui.js</file>
            <file>file:/E:/My%20work/GitHub/ChurchProject/Church/web/WEB-INF/jsp/contact.jsp</file>
            <file>file:/E:/My%20work/GitHub/ChurchProject/Church/web/index.html</file>
            <file>file:/E:/My%20work/GitHub/ChurchProject/Church/web/WEB-INF/jsp/include/header.jsp</file>
            <file>file:/E:/My%20work/GitHub/ChurchProject/Church/src/java/com/church/utils/DBPool.java</file>
            <file>file:/E:/My%20work/GitHub/ChurchProject/Church/web/WEB-INF/jsp/include/footer.jsp</file>
            <file>file:/E:/My%20work/GitHub/ChurchProject/Church/src/java/com/church/controller/IndexController.java</file>
            <file>file:/E:/My%20work/GitHub/ChurchProject/Church/src/java/com/church/utils/StringUtils.java</file>
            <file>file:/E:/My%20work/GitHub/ChurchProject/Church/web/WEB-INF/applicationContext.xml</file>
            <file>file:/E:/My%20work/GitHub/ChurchProject/Church/src/java/com/church/controller/ContactController.java</file>
            <file>file:/E:/My%20work/GitHub/ChurchProject/Church/src/java/conf/resources.properties</file>
        </group>
    </open-files>
</project-private>
